Year,DOI,AuthorNames-Deduped,AuthorAffiliation,Country
2019,10.1109/TVCG.2019.2934208,Yating Wei,"The State Key Lab of CAD & CG, Zhejiang University, Hangzhou, Zhejiang, China",China
2019,10.1109/TVCG.2019.2934208,Honghui Mei,"The State Key Lab of CAD & CG, Zhejiang University, Hangzhou, Zhejiang, China",China
2019,10.1109/TVCG.2019.2934208,Ying Zhao 0001,"School of Computer Science and Engineering, Central South University, Changsha, Hunan, China",China
2019,10.1109/TVCG.2019.2934208,Shuyue Zhou,"The State Key Lab of CAD & CG, Zhejiang University, Hangzhou, Zhejiang, China",China
2019,10.1109/TVCG.2019.2934208,Bingru Lin,"The State Key Lab of CAD & CG, Zhejiang University, Hangzhou, Zhejiang, China",China
2019,10.1109/TVCG.2019.2934208,Haojing Jiang,"School of Computer Science and Engineering, Central South University, Changsha, Hunan, China",China
2019,10.1109/TVCG.2019.2934208,Wei Chen 0001,"The State Key Lab of CAD & CG, Zhejiang University, Hangzhou, Zhejiang, China",China
2019,10.1109/TVCG.2019.2934209,David Borland,"RENCI, University of North Carolina, Chapel Hill",USA
2019,10.1109/TVCG.2019.2934209,Wenyuan Wang,"School of Information and Library Science, University of North Carolina, Chapel Hill",USA
2019,10.1109/TVCG.2019.2934209,Jonathan Zhang,"Dept. of Biostatistics, University of North Carolina, Chapel Hill",USA
2019,10.1109/TVCG.2019.2934209,Joshua Shrestha,"Dept. of Computer Science, University of North Carolina, Chapel Hill",USA
2019,10.1109/TVCG.2019.2934209,David Gotz,"School of Information and Library Science, University of North Carolina, Chapel Hill",USA
2019,10.1109/TVCG.2019.2934242,Lin Yan,University of Utah,USA
2019,10.1109/TVCG.2019.2934242,Yusu Wang,Ohio State University,USA
2019,10.1109/TVCG.2019.2934242,Elizabeth Munch,Michigan State University,USA
2019,10.1109/TVCG.2019.2934242,Ellen Gasparovic,Union College,USA
2019,10.1109/TVCG.2019.2934242,Bei Wang,University of Utah,USA
2019,10.1109/TVCG.2019.2934243,Tom Polk,University of Konstanz,Germany
2019,10.1109/TVCG.2019.2934243,Dominik Jäckle,University of Konstanz,Germany
2019,10.1109/TVCG.2019.2934243,Johannes Häussler,University of Konstanz,Germany
2019,10.1109/TVCG.2019.2934243,Jing Yang,University of North Carolina,USA
2019,10.1109/TVCG.2019.2934251,Takanori Fujiwara,"University of California, Davis",USA
2019,10.1109/TVCG.2019.2934251,Oh-Hyun Kwon,"University of California, Davis",USA
2019,10.1109/TVCG.2019.2934251,Kwan-Liu Ma,"University of California, Davis",USA
2019,10.1109/TVCG.2019.2934255,Jun Han," and Engineering, University of Notre Dame, Notre Dame, IN",USA
2019,10.1109/TVCG.2019.2934255,Chaoli Wang 0001," and Engineering, University of Notre Dame, Notre Dame, IN",USA
2019,10.1109/TVCG.2019.2934256,Jules Vidal,Sorbonne UniversitéCNRS (LIP6),France
2019,10.1109/TVCG.2019.2934256,Joseph Budin,Sorbonne UniversitéCNRS (LIP6),France
2019,10.1109/TVCG.2019.2934256,Julien Tierny,Sorbonne UniversitéCNRS (LIP6),France
2019,10.1109/TVCG.2019.2934257,Pavol Klacansky,Scientific Computing and Imaging InstituteUniversity of Utah,USA
2019,10.1109/TVCG.2019.2934257,Attila Gyulassy,Scientific Computing and Imaging InstituteUniversity of Utah,USA
2019,10.1109/TVCG.2019.2934257,Peer-Timo Bremer,Lawrence Livermore National Laboratory,USA
2019,10.1109/TVCG.2019.2934257,Valerio Pascucci,Scientific Computing and Imaging InstituteUniversity of Utah,USA
2019,10.1109/TVCG.2019.2934258,Juraj Pálenik,University of Bergen,Norway
2019,10.1109/TVCG.2019.2934258,Jan Byska,University of Bergen,Norway
2019,10.1109/TVCG.2019.2934258,Stefan Bruckner,University of Bergen,Norway
2019,10.1109/TVCG.2019.2934258,Helwig Hauser,University of Bergen,Norway
2019,10.1109/TVCG.2019.2934259,Alexander Bock,Linköping UniversityUniversity of Utah,Sweden
2019,10.1109/TVCG.2019.2934259,Anders Ynnerman,Linköping University,Sweden
2019,10.1109/TVCG.2019.2934259,Emil Axelsson,New York University,USA
2019,10.1109/TVCG.2019.2934259,Jonathas Costa,University of Utah,USA
2019,10.1109/TVCG.2019.2934259,Gene Payne,American Museum of Natural History,USA
2019,10.1109/TVCG.2019.2934259,Micah Acinapura,American Museum of Natural History,USA
2019,10.1109/TVCG.2019.2934259,Vivian Trakinski,American Museum of Natural History,USA
2019,10.1109/TVCG.2019.2934259,Carter Emmart,New York University,USA
2019,10.1109/TVCG.2019.2934259,Cláudio T. Silva,University of Utah,USA
2019,10.1109/TVCG.2019.2934259,Charles D. Hansen,Linköping UniversityUniversity of Utah,Sweden
2019,10.1109/TVCG.2019.2934260,Seth Johnson,University of Minnesota,USA
2019,10.1109/TVCG.2019.2934260,Francesca Samsel,"University of Texas, Austin",USA
2019,10.1109/TVCG.2019.2934260,Greg Abram,"University of Texas, Austin",USA
2019,10.1109/TVCG.2019.2934260,Daniel Olson,University of Minnesota,USA
2019,10.1109/TVCG.2019.2934260,Andrew J. Solis,University of Minnesota,USA
2019,10.1109/TVCG.2019.2934260,Bridger Herman,"Fluid Dynamics and Solid Mechanics, Theoretical DivisionLos Alamos National Laboratory",USA
2019,10.1109/TVCG.2019.2934260,Phillip J. Wolfram,University of Minnesota,USA
2019,10.1109/TVCG.2019.2934260,Christophe Lenglet,University of Minnesota,USA
2019,10.1109/TVCG.2019.2934260,Daniel F. Keefe,,USA
2019,10.1109/TVCG.2019.2934261,Dylan Cashman,"Tufts University, USA",USA
2019,10.1109/TVCG.2019.2934261,Adam Perer,"Carnegie Mellon University, USA",USA
2019,10.1109/TVCG.2019.2934261,Remco Chang,"Tufts University, USA",USA
2019,10.1109/TVCG.2019.2934261,Hendrik Strobelt,"MIT IBM Watson AI Lab, USA",USA
2019,10.1109/TVCG.2019.2934262,Yongsu Ahn,University of Pittsburgh,USA
2019,10.1109/TVCG.2019.2934262,Yu-Ru Lin,University of Pittsburgh,USA
2019,10.1109/TVCG.2019.2934263,Shuai Chen 0001,Key Laboratory of Machine Perception (Ministry of Education)School of EECSPeking University,China
2019,10.1109/TVCG.2019.2934263,Sihang Li,Key Laboratory of Machine Perception (Ministry of Education)School of EECSPeking University,China
2019,10.1109/TVCG.2019.2934263,Siming Chen,Fraunhofer Institute IAISUniversity of Bonn,Germany
2019,10.1109/TVCG.2019.2934263,Xiaoru Yuan,Key Laboratory of Machine Perception (Ministry of Education)School of EECSPeking University,China
2019,10.1109/TVCG.2019.2934264,Mosab Khayat,Purdue University,USA
2019,10.1109/TVCG.2019.2934264,Morteza Karimzadeh,University of Colorado Boulder,USA
2019,10.1109/TVCG.2019.2934264,David S. Ebert,Purdue University,USA
2019,10.1109/TVCG.2019.2934264,Arif Ghafoor,Purdue University,USA
2019,10.1109/TVCG.2019.2934266,Mosab Khayat,Purdue University,USA
2019,10.1109/TVCG.2019.2934266,Morteza Karimzadeh,University of Colorado Boulder,USA
2019,10.1109/TVCG.2019.2934266,Jieqiong Zhao,Purdue University,USA
2019,10.1109/TVCG.2019.2934266,David S. Ebert,Purdue University,USA
2019,10.1109/TVCG.2019.2934267,Yao Ming,Hong Kong University of Science and Technology,China
2019,10.1109/TVCG.2019.2934267,Panpan Xu,Bosch Research North America,USA
2019,10.1109/TVCG.2019.2934267,Furui Cheng,Hong Kong University of Science and Technology,China
2019,10.1109/TVCG.2019.2934267,Huamin Qu,Hong Kong University of Science and Technology,China
2019,10.1109/TVCG.2019.2934267,Liu Ren,Bosch Research North America,USA
2019,10.1109/TVCG.2019.2934275,Dong Sun 0001,Hong Kong University of Sccience and Technology,China
2019,10.1109/TVCG.2019.2934275,Renfei Huang,Hong Kong University of Sccience and Technology,China
2019,10.1109/TVCG.2019.2934275,Yuanzhe Chen,Noah's Ark LabHuawei Technologies Co. Ltd.,China
2019,10.1109/TVCG.2019.2934275,Yong Wang 0021,Hong Kong University of Sccience and Technology,China
2019,10.1109/TVCG.2019.2934275,Jia Zeng,Noah's Ark LabHuawei Technologies Co. Ltd.,China
2019,10.1109/TVCG.2019.2934275,Mingxuan Yuan,Noah's Ark LabHuawei Technologies Co. Ltd.,China
2019,10.1109/TVCG.2019.2934275,Ting-Chuen Pong,Hong Kong University of Sccience and Technology,China
2019,10.1109/TVCG.2019.2934275,Huamin Qu,Hong Kong University of Sccience and Technology,China
2019,10.1109/TVCG.2019.2934280,Gromit Yeuk-Yin Chan,New York University,USA
2019,10.1109/TVCG.2019.2934280,Luis Gustavo Nonato,University of São Paulo,Brazil
2019,10.1109/TVCG.2019.2934280,Alice Chu,Rutgers New Jersey Medical School,USA
2019,10.1109/TVCG.2019.2934280,Preeti Raghavan,NYU Langone Medical Center,USA
2019,10.1109/TVCG.2019.2934280,Viswanath Aluru,NYU Langone Medical Center,USA
2019,10.1109/TVCG.2019.2934280,Cláudio T. Silva,New York University,USA
2019,10.1109/TVCG.2019.2934281,Arvind Satyanarayan,Massachusetts Institute of Technology,USA
2019,10.1109/TVCG.2019.2934281,Bongshin Lee,Microsoft Research,USA
2019,10.1109/TVCG.2019.2934281,Donghao Ren,"University of California, Santa Barbara",USA
2019,10.1109/TVCG.2019.2934281,Jeffrey Heer,University of Washington,USA
2019,10.1109/TVCG.2019.2934281,John T. Stasko,Georgia Institute of Technology,USA
2019,10.1109/TVCG.2019.2934281,John Thompson 0002,Georgia Institute of Technology,USA
2019,10.1109/TVCG.2019.2934281,Matthew Brehmer,Microsoft Research,USA
2019,10.1109/TVCG.2019.2934281,Zhicheng Liu,Adobe Research,USA
2019,10.1109/TVCG.2019.2934282,Matt Whitlock,University of Colorado,USA
2019,10.1109/TVCG.2019.2934282,Keke Wu,University of Colorado,USA
2019,10.1109/TVCG.2019.2934282,Danielle Albers Szafir,University of Colorado,USA
2019,10.1109/TVCG.2019.2934283,Evanthia Dimara,Sorbonne University,France
2019,10.1109/TVCG.2019.2934283,Charles Perin,University of Victoria,Canada
2019,10.1109/TVCG.2019.2934284,Stephen Smart,University of Colorado Boulder,USA
2019,10.1109/TVCG.2019.2934284,Keke Wu,University of Colorado Boulder,USA
2019,10.1109/TVCG.2019.2934284,Danielle Albers Szafir,University of Colorado Boulder,USA
2019,10.1109/TVCG.2019.2934285,Katy Williams,University of Arizona,USA
2019,10.1109/TVCG.2019.2934285,Alex Bigelow,University of Arizona,USA
2019,10.1109/TVCG.2019.2934285,Katherine E. Isaacs,University of Arizona,USA
2019,10.1109/TVCG.2019.2934286,Lace M. K. Padilla,University of California Merced in Cognitive + Information Sciences,USA
2019,10.1109/TVCG.2019.2934286,Spencer C. Castro,University of Utah,USA
2019,10.1109/TVCG.2019.2934286,P. Samuel Quinan,University of UtahSchool of Computing,USA
2019,10.1109/TVCG.2019.2934286,Ian T. Ruginski,University of Utah,USA
2019,10.1109/TVCG.2019.2934286,Sarah H. Creem-Regehr,University of Utah,USA
2019,10.1109/TVCG.2019.2934287,Jessica Hullman,Northwestern University,USA
2019,10.1109/TVCG.2019.2934288,Amira Chalbi,"Inria, France",France
2019,10.1109/TVCG.2019.2934288,Jacob Ritchie,"University of Toronto in Toronto, Canada",Canada
2019,10.1109/TVCG.2019.2934288,Deok Gun Park 0001,"University of Texas, Arlington, TX, USA",USA
2019,10.1109/TVCG.2019.2934288,Jungu Choi,"Purdue University, West Lafayette, IN, USA",USA
2019,10.1109/TVCG.2019.2934288,Nicolas Roussel,"Inria, France",France
2019,10.1109/TVCG.2019.2934288,Niklas Elmqvist,"University of Maryland, College Park, MD, USA",USA
2019,10.1109/TVCG.2019.2934288,Fanny Chevalier,"University of Toronto in Toronto, Canada",Canada
2019,10.1109/TVCG.2019.2934289,Ji Qi," and Computer Science, Eindhoven University of Technology, Eindhoven, Netherlands",The Netherlands
2019,10.1109/TVCG.2019.2934289,Vincent Bloemen,"Faculty of Electrical Engineering, Mathematics Computer Science, University of Twente, Enschede, Netherlands",The Netherlands
2019,10.1109/TVCG.2019.2934289,Shihan Wang,"University of Amsterdam, Amsterdam, Netherlands",The Netherlands
2019,10.1109/TVCG.2019.2934289,Jarke J. van Wijk," and Computer Science, Eindhoven University of Technology, Eindhoven, Netherlands",The Netherlands
2019,10.1109/TVCG.2019.2934289,Huub van de Wetering," and Computer Science, Eindhoven University of Technology, Eindhoven, Netherlands",The Netherlands
2019,10.1109/TVCG.2019.2934300,Michael Behrisch 0001,"School of Engineering, Applied Sciences, Harvard University, United States",USA
2019,10.1109/TVCG.2019.2934300,Tobias Schreck,"Graz University of Technology, Austria",Austria
2019,10.1109/TVCG.2019.2934300,Hanspeter Pfister,"School of Engineering, Applied Sciences, Harvard University, United States",USA
2019,10.1109/TVCG.2019.2934307,Nicola Pezzotti,"Google AI, Zürich, Switzerland",Switzerland
2019,10.1109/TVCG.2019.2934307,Julian Thijssen,"Delft University of Technology, Delft, The Netherlands",The Netherlands
2019,10.1109/TVCG.2019.2934307,Alexander Mordvintsev,"Google AI, Zürich, Switzerland",Switzerland
2019,10.1109/TVCG.2019.2934307,Thomas Höllt,"Delft University of Technology, Delft, The Netherlands",The Netherlands
2019,10.1109/TVCG.2019.2934307,Baldur van Lew,"Leiden University Medical Center, Leiden, The Netherlands",The Netherlands
2019,10.1109/TVCG.2019.2934307,Boudewijn P. F. Lelieveldt,"Delft University of Technology, Delft, The Netherlands",The Netherlands
2019,10.1109/TVCG.2019.2934307,Elmar Eisemann,"Delft University of Technology, Delft, The Netherlands",The Netherlands
2019,10.1109/TVCG.2019.2934307,Anna Vilanova,"Delft University of Technology, Delft, The Netherlands",The Netherlands
2019,10.1109/TVCG.2019.2934310,Robin Bader,Dep. of Computer ScienceETH Zürich,Switzerland
2019,10.1109/TVCG.2019.2934310,Michael Sprenger,Institute for Atmospheric and Climate ScienceETH Zürich,Switzerland
2019,10.1109/TVCG.2019.2934310,Nikolina Ban,Institute for Atmospheric and Climate ScienceETH Zürich,Switzerland
2019,10.1109/TVCG.2019.2934310,Stefan Rüdisühli,Institute for Atmospheric and Climate ScienceETH Zürich,Switzerland
2019,10.1109/TVCG.2019.2934310,Christoph Schär,Institute for Atmospheric and Climate ScienceETH Zürich,Switzerland
2019,10.1109/TVCG.2019.2934310,Tobias Günther,Dep. of Computer ScienceETH Zürich,Switzerland
2019,10.1109/TVCG.2019.2934312,Wenbin He, and EngineeringThe Ohio State University,USA
2019,10.1109/TVCG.2019.2934312,Junpeng Wang, and EngineeringThe Ohio State University,USA
2019,10.1109/TVCG.2019.2934312,Hanqi Guo,Mathematics and Computer Science DivisionArgonne National Laboratory,USA
2019,10.1109/TVCG.2019.2934312,Ko-Chih Wang, and EngineeringThe Ohio State University,USA
2019,10.1109/TVCG.2019.2934312,Han-Wei Shen, and EngineeringThe Ohio State University,USA
2019,10.1109/TVCG.2019.2934312,Mukund Raj,Mathematics and Computer Science DivisionArgonne National Laboratory,USA
2019,10.1109/TVCG.2019.2934312,Youssef S. G. Nashed,Mathematics and Computer Science DivisionArgonne National Laboratory,USA
2019,10.1109/TVCG.2019.2934312,Tom Peterka,Mathematics and Computer Science DivisionArgonne National Laboratory,USA
2019,10.1109/TVCG.2019.2934313,Irene Baeza Rojo,Computer Graphics LaboratoryETH Zürich,Switzerland
2019,10.1109/TVCG.2019.2934313,Markus H. Gross,Computer Graphics LaboratoryETH Zürich,Switzerland
2019,10.1109/TVCG.2019.2934313,Tobias Günther,Computer Graphics LaboratoryETH Zürich,Switzerland
2019,10.1109/TVCG.2019.2934314,Fariba Khan,Oregon State University,USA
2019,10.1109/TVCG.2019.2934314,Lawrence Roy,Oregon State University,USA
2019,10.1109/TVCG.2019.2934314,Eugene Zhang,Oregon State University,USA
2019,10.1109/TVCG.2019.2934314,Botong Qu,Oregon State University,USA
2019,10.1109/TVCG.2019.2934314,Shih-Hsuan Hung,Oregon State University,USA
2019,10.1109/TVCG.2019.2934314,Harry Yeh,Oregon State University,USA
2019,10.1109/TVCG.2019.2934314,Robert S. Laramee,Swansea University,UK
2019,10.1109/TVCG.2019.2934314,Yue Zhang 0009,Oregon State University,USA
2019,10.1109/TVCG.2019.2934332,Zhutian Chen,Hong Kong University of Science and Technology,China
2019,10.1109/TVCG.2019.2934332,Wei Zeng,Shenzhen Institutes of Advanced TechnologyChinese Academy of Sciences,China
2019,10.1109/TVCG.2019.2934332,Zhiguang Yang,Shenzhen Institutes of Advanced TechnologyChinese Academy of Sciences,China
2019,10.1109/TVCG.2019.2934332,Lingyun Yu,University of Groningen,The Netherlands
2019,10.1109/TVCG.2019.2934332,Chi-Wing Fu,Chinese University of Hong Kong,China
2019,10.1109/TVCG.2019.2934332,Huamin Qu,Hong Kong University of Science and Technology,China
2019,10.1109/TVCG.2019.2934333,Katarína Furmanová,Masaryk University,Czechia
2019,10.1109/TVCG.2019.2934333,Adam Jurcík,Masaryk University,Czechia
2019,10.1109/TVCG.2019.2934333,Barbora Kozlíková,Masaryk University,Czechia
2019,10.1109/TVCG.2019.2934333,Helwig Hauser,Univ. of Bergen,Norway
2019,10.1109/TVCG.2019.2934333,Jan Byska,Masaryk University,Czechia
2019,10.1109/TVCG.2019.2934334,Sarkis Halladjian,"Inria, France",France
2019,10.1109/TVCG.2019.2934334,Haichao Miao,"TU Wien, Austria",Austria
2019,10.1109/TVCG.2019.2934334,David Kouril,"TU Wien, Austria",Austria
2019,10.1109/TVCG.2019.2934334,M. Eduard Gröller,"TU Wien, Austria",Austria
2019,10.1109/TVCG.2019.2934334,Ivan Viola,"KAUST: King Abdullah University of Science and Technology, Kingdom of Saudi Arabia",Saudi Arabia
2019,10.1109/TVCG.2019.2934334,Tobias Isenberg 0001,"Inria, France",France
2019,10.1109/TVCG.2019.2934335,Tobias Rapp,Karlsruhe Institute of Technology,Germany
2019,10.1109/TVCG.2019.2934335,Christoph Peters,Karlsruhe Institute of Technology,Germany
2019,10.1109/TVCG.2019.2934335,Carsten Dachsbacher,Karlsruhe Institute of Technology,Germany
2019,10.1109/TVCG.2019.2934337,Pepe Eulzer,"University of Koblenz-Landau, Germany",Germany
2019,10.1109/TVCG.2019.2934337,Sandy Engelhardt,"Mannheim University of Applied Sciences, Germany",Germany
2019,10.1109/TVCG.2019.2934337,Nils Lichtenberg,"University of Koblenz-Landau, Germany",Germany
2019,10.1109/TVCG.2019.2934337,Raffaele De Simone,"Heidelberg University Hospital, Germany",Germany
2019,10.1109/TVCG.2019.2934337,Kai Lawonn,"University of Koblenz-Landau, Germany",Germany
2019,10.1109/TVCG.2019.2934338,Ashok Jallepalli,SCI InstituteUniversity of Utah,USA
2019,10.1109/TVCG.2019.2934338,Joshua A. Levine,University of Arizona,USA
2019,10.1109/TVCG.2019.2934338,Robert Michael Kirby,SCI InstituteUniversity of Utah,USA
2019,10.1109/TVCG.2019.2934367,Baldwin Nsonga,Institute of Computer ScienceLeipzig University,Germany
2019,10.1109/TVCG.2019.2934367,Gerik Scheuermann,Institute of Computer ScienceLeipzig University,Germany
2019,10.1109/TVCG.2019.2934367,Stefan Gumhold,Institute of Software and Multimedia TechnologyTU Dresden,Germany
2019,10.1109/TVCG.2019.2934367,Jordi Ventosa-Molina,Institute of Fluid MechanicsTU Dresden,Germany
2019,10.1109/TVCG.2019.2934367,Denis Koschichow,Institute of Fluid MechanicsTU Dresden,Germany
2019,10.1109/TVCG.2019.2934367,Jochen Fröhlich,Institute of Fluid MechanicsTU Dresden,Germany
2019,10.1109/TVCG.2019.2934368,Jonas Lukasczyk,Technische Universität Kaiserslautern,Germany
2019,10.1109/TVCG.2019.2934368,Christoph Garth,Technische Universität Kaiserslautern,Germany
2019,10.1109/TVCG.2019.2934368,Gunther H. Weber,"Lawrence Berkeley National Laboratory, University of California, Davis",USA
2019,10.1109/TVCG.2019.2934368,Tim Biedert,NVIDIA Corporation,USA
2019,10.1109/TVCG.2019.2934368,Ross Maciejewski,Arizona State University,USA
2019,10.1109/TVCG.2019.2934368,Heike Leitte,Technische Universität Kaiserslautern,Germany
2019,10.1109/TVCG.2019.2934369,Yifan Wang,", Wayne State University, Detroit, MI",USA
2019,10.1109/TVCG.2019.2934369,Zichun Zhong,", Wayne State University, Detroit, MI",USA
2019,10.1109/TVCG.2019.2934369,Jing Hua,", Wayne State University, Detroit, MI",USA
2019,10.1109/TVCG.2019.2934370,Andrey Krekhov,"Center of Visual Data Analysis and Computer Graphics (COVIDAG), University of Duisburg, Essen",Germany
2019,10.1109/TVCG.2019.2934370,Sebastian Cmentowski,"Center of Visual Data Analysis and Computer Graphics (COVIDAG), University of Duisburg, Essen",Germany
2019,10.1109/TVCG.2019.2934370,Andre Waschk,"Center of Visual Data Analysis and Computer Graphics (COVIDAG), University of Duisburg, Essen",Germany
2019,10.1109/TVCG.2019.2934370,Jens H. Krüger,"Center of Visual Data Analysis and Computer Graphics (COVIDAG), University of Duisburg, Essen",Germany
2019,10.1109/TVCG.2019.2934375,Irene Baeza Rojo,Computer Graphics LaboratoryETH Zürich,Switzerland
2019,10.1109/TVCG.2019.2934375,Tobias Günther,Computer Graphics LaboratoryETH Zürich,Switzerland
2019,10.1109/TVCG.2019.2934395,Matthias Kraus,"University of Konstanz, Germany",Germany
2019,10.1109/TVCG.2019.2934395,Niklas Weiler,"University of Konstanz, Germany",Germany
2019,10.1109/TVCG.2019.2934395,Daniela Oelke,"Siemens Corporate Technology, Munich, Germany",Germany
2019,10.1109/TVCG.2019.2934395,Johannes Kehrer,"Siemens Corporate Technology, Munich, Germany",Germany
2019,10.1109/TVCG.2019.2934395,Daniel A. Keim,"University of Konstanz, Germany",Germany
2019,10.1109/TVCG.2019.2934395,Johannes Fuchs 0001,"University of Konstanz, Germany",Germany
2019,10.1109/TVCG.2019.2934396,Oh-Hyun Kwon,"University of California, Davis",USA
2019,10.1109/TVCG.2019.2934396,Kwan-Liu Ma,"University of California, Davis",USA
2019,10.1109/TVCG.2019.2934397,Matthew Brehmer,Microsoft Research,USA
2019,10.1109/TVCG.2019.2934397,Bongshin Lee,Microsoft Research,USA
2019,10.1109/TVCG.2019.2934397,Petra Isenberg,Inria,Inria
2019,10.1109/TVCG.2019.2934397,Eun Kyoung Choe,"University of Maryland, College Park",USA
2019,10.1109/TVCG.2019.2934398,Yun Wang 0012,Microsoft Research Asia,China
2019,10.1109/TVCG.2019.2934398,Zhida Sun, and EngineeringHong Kong University of Science and Technology,China
2019,10.1109/TVCG.2019.2934398,Haidong Zhang,Microsoft Research Asia,China
2019,10.1109/TVCG.2019.2934398,Weiwei Cui,Microsoft Research Asia,China
2019,10.1109/TVCG.2019.2934398,Ke Xu, and EngineeringHong Kong University of Science and Technology,China
2019,10.1109/TVCG.2019.2934398,Xiaojuan Ma, and EngineeringHong Kong University of Science and Technology,China
2019,10.1109/TVCG.2019.2934398,Dongmei Zhang,Microsoft Research Asia,China
2019,10.1109/TVCG.2019.2934399,Cindy Xiong,Northwestern University,USA
2019,10.1109/TVCG.2019.2934399,Joel Shapiro,Northwestern UniversityKellogg School of Management,USA
2019,10.1109/TVCG.2019.2934399,Jessica Hullman,Northwestern University,USA
2019,10.1109/TVCG.2019.2934399,Steven Franconeri,Northwestern University,USA
2019,10.1109/TVCG.2019.2934400,Cindy Xiong,Northwestern University,USA
2019,10.1109/TVCG.2019.2934400,Cristina R. Ceja,Northwestern University,USA
2019,10.1109/TVCG.2019.2934400,Casimir J. H. Ludwig,University of Bristol,UK
2019,10.1109/TVCG.2019.2934400,Steven Franconeri,Northwestern University,USA
2019,10.1109/TVCG.2019.2934401,Joyce Ma,"Exploratorium, San Francisco",USA
2019,10.1109/TVCG.2019.2934401,Kwan-Liu Ma,"University of California, Davis",USA
2019,10.1109/TVCG.2019.2934401,Jennifer Frazier,"Exploratorium, San Francisco",USA
2019,10.1109/TVCG.2019.2934402,Aditeya Pandey,Northeastern University,USA
2019,10.1109/TVCG.2019.2934402,Harsh Shukla,Northeastern University,USA
2019,10.1109/TVCG.2019.2934402,Geoffrey S. Young,Brigham and Women's Hospital,USA
2019,10.1109/TVCG.2019.2934402,Lei Qin,Dana-Farber Cancer Institute,USA
2019,10.1109/TVCG.2019.2934402,Amir A. Zamani,Brigham and Women's Hospital,USA
2019,10.1109/TVCG.2019.2934402,Liangge Hsu,Brigham and Women's Hospital,USA
2019,10.1109/TVCG.2019.2934402,Raymond Huang,Brigham and Women's Hospital,USA
2019,10.1109/TVCG.2019.2934402,Cody Dunne,Northeastern University,USA
2019,10.1109/TVCG.2019.2934402,Michelle Borkin,Northeastern University,USA
2019,10.1109/TVCG.2019.2934415,Jorge A. Wagner Filho,Federal University of Rio Grande do Sul,Brazil
2019,10.1109/TVCG.2019.2934415,Wolfgang Stuerzlinger,Simon Fraser University,Canada
2019,10.1109/TVCG.2019.2934415,Luciana Porcher Nedel,Federal University of Rio Grande do Sul,Brazil
2019,10.1109/TVCG.2019.2934431,Enamul Hoque,York University,Canada
2019,10.1109/TVCG.2019.2934431,Maneesh Agrawala,Stanford University,USA
2019,10.1109/TVCG.2019.2934432,Rafael Veras,Ontario Tech University,Canada
2019,10.1109/TVCG.2019.2934432,Christopher Collins 0001,Ontario Tech University,Canada
2019,10.1109/TVCG.2019.2934433,Takanori Fujiwara,"University of California, Davis",USA
2019,10.1109/TVCG.2019.2934433,Jia-Kai Chou,"University of California, Davis",USA
2019,10.1109/TVCG.2019.2934433,Shilpika,"University of California, Davis",USA
2019,10.1109/TVCG.2019.2934433,Panpan Xu,Bosch Research North America,USA
2019,10.1109/TVCG.2019.2934433,Liu Ren,Bosch Research North America,USA
2019,10.1109/TVCG.2019.2934433,Kwan-Liu Ma,"University of California, Davis",USA
2019,10.1109/TVCG.2019.2934434,Can Liu 0004,Key Laboratory of Machine Perception (Ministry of Education)School of EECSPeking University,China
2019,10.1109/TVCG.2019.2934434,Cong Wu,Key Laboratory of Machine Perception (Ministry of Education)School of EECSPeking University,China
2019,10.1109/TVCG.2019.2934434,Hanning Shao,Key Laboratory of Machine Perception (Ministry of Education)School of EECSPeking University,China
2019,10.1109/TVCG.2019.2934434,Xiaoru Yuan,Key Laboratory of Machine Perception (Ministry of Education)School of EECSPeking University,China
2019,10.1109/TVCG.2019.2934534,Bahador Saket,Georgia Tech,USA
2019,10.1109/TVCG.2019.2934534,Samuel Huron,University Paris Saclay,France
2019,10.1109/TVCG.2019.2934534,Charles Perin,University of Victoria,Canada
2019,10.1109/TVCG.2019.2934534,Alex Endert,Georgia Tech,USA
2019,10.1109/TVCG.2019.2934535,Guozheng Li 0002,Key Laboratory of Machine Perception (Ministry of Education)National Engineering Laboratory for Big Data Analysis and ApplicationPeking University,China
2019,10.1109/TVCG.2019.2934535,Yu Zhang 0043,University of OxfordPeking University,UK
2019,10.1109/TVCG.2019.2934535,Yu Dong,"University of Technology, Sydney, Australia",Australia
2019,10.1109/TVCG.2019.2934535,Jie Liang 0004,"University of Technology, Sydney, Australia",Australia
2019,10.1109/TVCG.2019.2934535,Jinson Zhang,"University of Technology, Sydney, Australia",Australia
2019,10.1109/TVCG.2019.2934535,Jinsong Wang,Southwest Electric and Telecom Engineering Institute,China
2019,10.1109/TVCG.2019.2934535,Michael J. McGuffin,"Ecole de technologie superieure, Canada",Canada
2019,10.1109/TVCG.2019.2934535,Xiaoru Yuan,Key Laboratory of Machine Perception (Ministry of Education)National Engineering Laboratory for Big Data Analysis and ApplicationPeking University,China
2019,10.1109/TVCG.2019.2934536,Ragini Rathore,Computer Sciences and Wisconsin Institute for Discovery (WID)University of Wisconsin–Madison,USA
2019,10.1109/TVCG.2019.2934536,Zachary Leggon,Biology and WIDUniversity of Wisconisn–Madison,USA
2019,10.1109/TVCG.2019.2934536,Laurent Lessard,Electrical and Computer Engineering and WIDUniversity of Wisconsin–Madison,USA
2019,10.1109/TVCG.2019.2934536,Karen B. Schloss,Psychology and WIDUniversity of Wisconsin–Madison,USA
2019,10.1109/TVCG.2019.2934537,Jianping Kelvin Li,"University of California, Davis",USA
2019,10.1109/TVCG.2019.2934537,Kwan-Liu Ma,"University of California, Davis",USA
2019,10.1109/TVCG.2019.2934538,Jagoda Walny,"University of Calgary, Calgary, Canada",Canada
2019,10.1109/TVCG.2019.2934538,Christian Frisson,"University of Calgary, Calgary, Canada",Canada
2019,10.1109/TVCG.2019.2934538,Mieka West,"University of Calgary, Calgary, Canada",Canada
2019,10.1109/TVCG.2019.2934538,Doris Kosminsky,"University of Calgary, Calgary, Canada",Canada
2019,10.1109/TVCG.2019.2934538,Søren Knudsen,"University of Calgary, Calgary, Canada",Canada
2019,10.1109/TVCG.2019.2934538,Sheelagh Carpendale,"University of Calgary, Calgary, Canada",Canada
2019,10.1109/TVCG.2019.2934538,Wesley Willett,"University of Calgary, Calgary, Canada",Canada
2019,10.1109/TVCG.2019.2934539,Miriah D. Meyer,University of Utah,USA
2019,10.1109/TVCG.2019.2934539,Jason Dykes,"City, University of London",UK
2019,10.1109/TVCG.2019.2934540,Aritra Dasgupta,New Jersey Institute of Technology,USA
2019,10.1109/TVCG.2019.2934540,Hong Wang,"Arizona State University, Inc.",USA
2019,10.1109/TVCG.2019.2934540,Nancy O'Brien,Pacific Northwest National Laboratory,USA
2019,10.1109/TVCG.2019.2934540,Susannah Burrows,Pacific Northwest National Laboratory,USA
2019,10.1109/TVCG.2019.2934541,Xin Chen,Shandong University,China
2019,10.1109/TVCG.2019.2934541,Tong Ge,Shandong University,China
2019,10.1109/TVCG.2019.2934541,Jian Zhang,"CNIC,CAS",China
2019,10.1109/TVCG.2019.2934541,Baoquan Chen,Peking University,China
2019,10.1109/TVCG.2019.2934541,Chi-Wing Fu,Chinese University of Hong KongGuangdong Prov. Key Lab. of CV and VR Tech.SIAT,China
2019,10.1109/TVCG.2019.2934541,Oliver Deussen,"Konstanz University, Germany",Germany
2019,10.1109/TVCG.2019.2934541,Yunhai Wang,Shandong University,China
2019,10.1109/TVCG.2019.2934546,A. Wentzel,University of Illinois at Chicago,USA
2019,10.1109/TVCG.2019.2934546,Peter Hanula,University of Illinois at Chicago,USA
2019,10.1109/TVCG.2019.2934546,Timothy Luciani,University of Illinois at Chicago,USA
2019,10.1109/TVCG.2019.2934546,Baher Elgohari,MD Anderson Cancer CenterUniversity of Texas,USA
2019,10.1109/TVCG.2019.2934546,Hesham Elhalawani,MD Anderson Cancer CenterUniversity of Texas,USA
2019,10.1109/TVCG.2019.2934546,Guadalupe Canahuate,University of Iowa,USA
2019,10.1109/TVCG.2019.2934546,David M. Vock,School of Public HealthUniversity of Minnesota,USA
2019,10.1109/TVCG.2019.2934546,Clifton D. Fuller,MD Anderson Cancer CenterUniversity of Texas,USA
2019,10.1109/TVCG.2019.2934546,G. Elisabeta Marai,University of Illinois at Chicago,USA
2019,10.1109/TVCG.2019.2934547,Robert Krüger,"School of Engineering and Applied Sciences, Harvard University, Cambridge, MA, USA",USA
2019,10.1109/TVCG.2019.2934547,Johanna Beyer,"School of Engineering and Applied Sciences, Harvard University, Cambridge, MA, USA",USA
2019,10.1109/TVCG.2019.2934547,Won-Dong Jang,"School of Engineering and Applied Sciences, Harvard University, Cambridge, MA, USA",USA
2019,10.1109/TVCG.2019.2934547,Nam Wook Kim,"School of Engineering and Applied Sciences, Harvard University, Cambridge, MA, USA",USA
2019,10.1109/TVCG.2019.2934547,Artem Sokolov,"Laboratory of Systems Pharmacology, Harvard Medical School, Boston, MA, USA",USA
2019,10.1109/TVCG.2019.2934547,Peter K. Sorger,"Laboratory of Systems Pharmacology, Harvard Medical School, Boston, MA, USA",USA
2019,10.1109/TVCG.2019.2934547,Hanspeter Pfister,"School of Engineering and Applied Sciences, Harvard University, Cambridge, MA, USA",USA
2019,10.1109/TVCG.2019.2934555,Fritz Lekschas,"School of Engineering and Applied Sciences, Harvard University, Cambridge, MA, USA",USA
2019,10.1109/TVCG.2019.2934555,Michael Behrisch 0001,"School of Engineering and Applied Sciences, Harvard University, Cambridge, MA, USA",USA
2019,10.1109/TVCG.2019.2934555,Benjamin Bach,"University of Edinburgh, Edinburgh, UK",UK
2019,10.1109/TVCG.2019.2934555,Peter Kerpedjiev,"Harvard Medical School, Boston, MA, USA",USA
2019,10.1109/TVCG.2019.2934555,Nils Gehlenborg,"Harvard Medical School, Boston, MA, USA",USA
2019,10.1109/TVCG.2019.2934555,Hanspeter Pfister,"School of Engineering and Applied Sciences, Harvard University, Cambridge, MA, USA",USA
2019,10.1109/TVCG.2019.2934556,Leilani Battle,University of Maryland,USA
2019,10.1109/TVCG.2019.2934556,R. Jordan Crouser,Smith College,USA
2019,10.1109/TVCG.2019.2934556,Audace Nakeshimana,Electrical Engineering & Computer Science DepartmentMIT,USA
2019,10.1109/TVCG.2019.2934556,Ananda Montoly,Smith College,USA
2019,10.1109/TVCG.2019.2934556,Remco Chang,Tufts University,USA
2019,10.1109/TVCG.2019.2934556,Michael Stonebraker,Electrical Engineering & Computer Science DepartmentMIT,USA
2019,10.1109/TVCG.2019.2934557,Ying Yang,"Monash University, Australia",Australia
2019,10.1109/TVCG.2019.2934557,Michael Wybrow,"Monash University, Australia",Australia
2019,10.1109/TVCG.2019.2934557,Yuan-Fang Li,"Monash University, Australia",Australia
2019,10.1109/TVCG.2019.2934557,Tobias Czauderna,"Monash University, Australia",Australia
2019,10.1109/TVCG.2019.2934557,Yongqun He,"University of Michigan, Medical School, USA",USA
2019,10.1109/TVCG.2019.2934591,Subhashis Hazarika,Ohio State University,USA
2019,10.1109/TVCG.2019.2934591,Haoyu Li,Ohio State University,USA
2019,10.1109/TVCG.2019.2934591,Ko-Chih Wang,Ohio State University,USA
2019,10.1109/TVCG.2019.2934591,Han-Wei Shen,Ohio State University,USA
2019,10.1109/TVCG.2019.2934591,Ching-Shan Chou,Ohio State University,USA
2019,10.1109/TVCG.2019.2934593,Jiali Liu,LTCITélécom ParisInstitut Polytechnique de Paris,France
2019,10.1109/TVCG.2019.2934593,Nadia Boukhelifa,INRAUniversité Paris-Saclay,France
2019,10.1109/TVCG.2019.2934593,James R. Eagan,LTCITélécom ParisInstitut Polytechnique de Paris,France
2019,10.1109/TVCG.2019.2934594,Shusen Liu,Lawrence Livermore National Laboratory,USA
2019,10.1109/TVCG.2019.2934594,Jim Gaffney,Lawrence Livermore National Laboratory,USA
2019,10.1109/TVCG.2019.2934594,Jayson Luc Peterson,Lawrence Livermore National Laboratory,USA
2019,10.1109/TVCG.2019.2934594,Peter B. Robinson,Lawrence Livermore National Laboratory,USA
2019,10.1109/TVCG.2019.2934594,Harsh Bhatia,SCI InstituteUniversity of Utah,USA
2019,10.1109/TVCG.2019.2934594,Valerio Pascucci,Lawrence Livermore National Laboratory,USA
2019,10.1109/TVCG.2019.2934594,Brian K. Spears,Lawrence Livermore National Laboratory,USA
2019,10.1109/TVCG.2019.2934594,Peer-Timo Bremer,SCI InstituteUniversity of Utah,USA
2019,10.1109/TVCG.2019.2934594,Di Wang,SCI InstituteUniversity of Utah,USA
2019,10.1109/TVCG.2019.2934594,Dan Maljovec,Lawrence Livermore National Laboratory,USA
2019,10.1109/TVCG.2019.2934594,Rushil Anirudh,Lawrence Livermore National Laboratory,USA
2019,10.1109/TVCG.2019.2934594,Jayaraman J. Thiagarajan,Lawrence Livermore National Laboratory,USA
2019,10.1109/TVCG.2019.2934594,Sam Ade Jacobs,Lawrence Livermore National Laboratory,USA
2019,10.1109/TVCG.2019.2934594,Brian Van Essen,Lawrence Livermore National Laboratory,USA
2019,10.1109/TVCG.2019.2934594,David Hysom,Lawrence Livermore National Laboratory,USA
2019,10.1109/TVCG.2019.2934594,Jae-Seung Yeom,Lawrence Livermore National Laboratory,USA
2019,10.1109/TVCG.2019.2934595,Sebastian Gehrmann,Harvard NLP group,USA
2019,10.1109/TVCG.2019.2934595,Hendrik Strobelt,IBM Research Cambridge,USA
2019,10.1109/TVCG.2019.2934595,Robert Krüger,Harvard Visual Computing group,USA
2019,10.1109/TVCG.2019.2934595,Hanspeter Pfister,Harvard Visual Computing group,USA
2019,10.1109/TVCG.2019.2934595,Alexander M. Rush,Harvard NLP group,USA
2019,10.1109/TVCG.2019.2934603,Jieqiong Zhao,Purdue University,USA
2019,10.1109/TVCG.2019.2934603,Morteza Karimzadeh,Purdue University,USA
2019,10.1109/TVCG.2019.2934603,Luke S. Snyder,Purdue University,USA
2019,10.1109/TVCG.2019.2934603,Chittayong Surakitbanharn,Hivemapper,USA
2019,10.1109/TVCG.2019.2934603,Cheryl Z. Qian,Purdue University,USA
2019,10.1109/TVCG.2019.2934603,David S. Ebert,Purdue University,USA
2019,10.1109/TVCG.2019.2934609,Phong H. Nguyen,"City, University of London",UK
2019,10.1109/TVCG.2019.2934609,Rafael Henkin,"City, University of London",UK
2019,10.1109/TVCG.2019.2934609,Siming Chen,Fraunhofer IAIS,Germany
2019,10.1109/TVCG.2019.2934609,Natalia V. Andrienko,"Fraunhofer IAISCity, University of London",UK
2019,10.1109/TVCG.2019.2934609,Gennady L. Andrienko,"Fraunhofer IAISCity, University of London",UK
2019,10.1109/TVCG.2019.2934609,Olivier Thonnard,"Amadeus, France",France
2019,10.1109/TVCG.2019.2934609,Cagatay Turkay,"City, University of London",UK
2019,10.1109/TVCG.2019.2934612,Tobias Klein,TU Wien,Austria
2019,10.1109/TVCG.2019.2934612,Ivan Viola,KAUST,Saudi Arabia
2019,10.1109/TVCG.2019.2934612,M. Eduard Gröller,TU WienVRVis,Austria
2019,10.1109/TVCG.2019.2934612,Peter Mindek,TU WienNanographics GmbH,Austria
2019,10.1109/TVCG.2019.2934613,Ke Xu,Hong Kong University of Science and Technology,China
2019,10.1109/TVCG.2019.2934613,Yun Wang 0012,Microsoft Research,China
2019,10.1109/TVCG.2019.2934613,Leni Yang,Hong Kong University of Science and Technology,China
2019,10.1109/TVCG.2019.2934613,Yifang Wang 0001,Hong Kong University of Science and Technology,China
2019,10.1109/TVCG.2019.2934613,Bo Qiao,Microsoft Research,China
2019,10.1109/TVCG.2019.2934613,Si Qin,Microsoft Research,China
2019,10.1109/TVCG.2019.2934613,Yong Xu,Microsoft Research,China
2019,10.1109/TVCG.2019.2934613,Haidong Zhang,Microsoft Research,China
2019,10.1109/TVCG.2019.2934613,Huamin Qu,Hong Kong University of Science and Technology,China
2019,10.1109/TVCG.2019.2934614,Luke S. Snyder,Purdue University,USA
2019,10.1109/TVCG.2019.2934614,Yi-Shan Lin,Purdue University,USA
2019,10.1109/TVCG.2019.2934614,Morteza Karimzadeh,University of Colorado Boulder,USA
2019,10.1109/TVCG.2019.2934614,Dan Goldwasser,Purdue University,USA
2019,10.1109/TVCG.2019.2934614,David S. Ebert,Purdue University,USA
2019,10.1109/TVCG.2019.2934619,James Wexler,Google Research,USA
2019,10.1109/TVCG.2019.2934619,Mahima Pushkarna,Google Research,USA
2019,10.1109/TVCG.2019.2934619,Tolga Bolukbasi,Google Research,USA
2019,10.1109/TVCG.2019.2934619,Martin Wattenberg,Google Research,USA
2019,10.1109/TVCG.2019.2934619,Fernanda B. Viégas,Google Research,USA
2019,10.1109/TVCG.2019.2934619,Jimbo Wilson,Google Research,USA
2019,10.1109/TVCG.2019.2934620,Steve Petruzza,SCI InstituteUniversity of Utah,USA
2019,10.1109/TVCG.2019.2934620,Attila Gyulassy,SCI InstituteUniversity of Utah,USA
2019,10.1109/TVCG.2019.2934620,Samuel Leventhal,SCI InstituteUniversity of Utah,USA
2019,10.1109/TVCG.2019.2934620,John J. Baglino,Dep. Mechanical EngineeringUniversity of Utah,USA
2019,10.1109/TVCG.2019.2934620,Michael Czabaj,Dep. Mechanical EngineeringUniversity of Utah,USA
2019,10.1109/TVCG.2019.2934620,Ashley D. Spear,Dep. Mechanical EngineeringUniversity of Utah,USA
2019,10.1109/TVCG.2019.2934620,Valerio Pascucci,SCI InstituteUniversity of Utah,USA
2019,10.1109/TVCG.2019.2934629,Thilo Spinner,University of Konstanz,Germany
2019,10.1109/TVCG.2019.2934629,Udo Schlegel,University of Konstanz,Germany
2019,10.1109/TVCG.2019.2934629,Hanna Schäfer,University of Konstanz,Germany
2019,10.1109/TVCG.2019.2934629,Mennatallah El-Assady,University of Konstanz,Germany
2019,10.1109/TVCG.2019.2934630,Jiachen Wang,State Key Lab of CAD&CGZhejiang University,China
2019,10.1109/TVCG.2019.2934630,Kejian Zhao,State Key Lab of CAD&CGZhejiang University,China
2019,10.1109/TVCG.2019.2934630,Dazhen Deng,State Key Lab of CAD&CGZhejiang University,China
2019,10.1109/TVCG.2019.2934630,Anqi Cao,State Key Lab of CAD&CGZhejiang University,China
2019,10.1109/TVCG.2019.2934630,Xiao Xie,State Key Lab of CAD&CGZhejiang University,China
2019,10.1109/TVCG.2019.2934630,Zheng Zhou,Zhejiang University,China
2019,10.1109/TVCG.2019.2934630,Hui Zhang,Zhejiang University,China
2019,10.1109/TVCG.2019.2934630,Yingcai Wu,State Key Lab of CAD&CGZhejiang University,China
2019,10.1109/TVCG.2019.2934631,Yuxin Ma,"School of Computing, Informatics & Decision Systems EngineeringArizona State University",USA
2019,10.1109/TVCG.2019.2934631,Tiankai Xie,"School of Computing, Informatics & Decision Systems EngineeringArizona State University",USA
2019,10.1109/TVCG.2019.2934631,Jundong Li,University of Virginia,USA
2019,10.1109/TVCG.2019.2934631,Ross Maciejewski,"School of Computing, Informatics & Decision Systems EngineeringArizona State University",USA
2019,10.1109/TVCG.2019.2934654,Mennatallah El-Assady,"University of Konstanz, Germany",Germany
2019,10.1109/TVCG.2019.2934654,Rebecca Kehlbeck,"University of Konstanz, Germany",Germany
2019,10.1109/TVCG.2019.2934654,Christopher Collins 0001,"Ontario Tech University, Canada",Canada
2019,10.1109/TVCG.2019.2934654,Daniel A. Keim,"University of Konstanz, Germany",Germany
2019,10.1109/TVCG.2019.2934654,Oliver Deussen,"University of Konstanz, Germany",Germany
2019,10.1109/TVCG.2019.2934655,Ying Zhao 0001,"School of Computer Science and Engineering, Central South University, Changsha, China",China
2019,10.1109/TVCG.2019.2934655,Xiaobo Luo,"School of Computer Science and Engineering, Central South University, Changsha, China",China
2019,10.1109/TVCG.2019.2934655,Xiaoru Lin,"School of Computer Science and Engineering, Central South University, Changsha, China",China
2019,10.1109/TVCG.2019.2934655,Hairong Wang,"School of Automation, Central South University, Changsha, China",China
2019,10.1109/TVCG.2019.2934655,Xiaoyan Kui,"School of Computer Science and Engineering, Central South University, Changsha, China",China
2019,10.1109/TVCG.2019.2934655,Fangfang Zhou,"School of Computer Science and Engineering, Central South University, Changsha, China",China
2019,10.1109/TVCG.2019.2934655,Jinsong Wang,"Southwest Electric & Telecom Engineering Institute, Shanghai, China",China
2019,10.1109/TVCG.2019.2934655,Yi Chen 0007,"Beijing Key Laboratory of Big Data Technology for Food Safety, Beijing Technology and Business University, Beijing, China",China
2019,10.1109/TVCG.2019.2934655,Wei Chen 0001,"State Key Lab of CAD & CG, Zhejiang University, Hangzhou, China",China
2019,10.1109/TVCG.2019.2934656,Haipeng Zeng,Hong Kong University of Science and Technology,China
2019,10.1109/TVCG.2019.2934656,Xingbo Wang,Hong Kong University of Science and Technology,China
2019,10.1109/TVCG.2019.2934656,Aoyu Wu,Hong Kong University of Science and Technology,China
2019,10.1109/TVCG.2019.2934656,Yong Wang 0021,Hong Kong University of Science and Technology,China
2019,10.1109/TVCG.2019.2934656,Quan Li,"WeBank, AI Group, China",China
2019,10.1109/TVCG.2019.2934656,Alex Endert,Georgia Institute of Technology,USA
2019,10.1109/TVCG.2019.2934656,Huamin Qu,Hong Kong University of Science and Technology,China
2019,10.1109/TVCG.2019.2934657,Yan Lyu,National University of Singapore,Singapore
2019,10.1109/TVCG.2019.2934657,Xu Liu,"Southeast University, China",China
2019,10.1109/TVCG.2019.2934657,Hanyi Chen,"Zhejiang University, China",China
2019,10.1109/TVCG.2019.2934657,Arpan Mangal,"Indian Institute of Technology, Delhi",India
2019,10.1109/TVCG.2019.2934657,Kai Liu 0001,"Chongqing University, China",China
2019,10.1109/TVCG.2019.2934657,Chao Chen 0004,"Chongqing University, China",China
2019,10.1109/TVCG.2019.2934657,Brian Y. Lim,National University of Singapore,Singapore
2019,10.1109/TVCG.2019.2934658,Andreas Walch,VRVis Forschungs GmbH,Austria
2019,10.1109/TVCG.2019.2934658,Michael Schwärzler,TU Delft,The Netherlands
2019,10.1109/TVCG.2019.2934658,Christian Luksch,VRVis Forschungs GmbH,Austria
2019,10.1109/TVCG.2019.2934658,Elmar Eisemann,TU Delft,The Netherlands
2019,10.1109/TVCG.2019.2934658,Theresia Gschwandtner,Visual Analytics research divisionTU Wien,Austria
2019,10.1109/TVCG.2019.2934659,Fred Hohman,Georgia Tech.,USA
2019,10.1109/TVCG.2019.2934659,Haekyu Park,Georgia Tech.,USA
2019,10.1109/TVCG.2019.2934659,Caleb Robinson,Georgia Tech.,USA
2019,10.1109/TVCG.2019.2934659,Duen Horng Chau,Georgia Tech.,USA
2019,10.1109/TVCG.2019.2934660,Xuanwu Yue,Hong Kong University of Science and TechnologySinovation Ventures AI Institute,China
2019,10.1109/TVCG.2019.2934660,Jiaxin Bai,Hong Kong University of Science and Technology,China
2019,10.1109/TVCG.2019.2934660,Qinhan Liu,Hong Kong University of Science and Technology,China
2019,10.1109/TVCG.2019.2934660,Yiyang Tang,Hong Kong University of Science and Technology,China
2019,10.1109/TVCG.2019.2934660,Abishek Puri,Hong Kong University of Science and Technology,China
2019,10.1109/TVCG.2019.2934660,Ke Li,RiceQuant Co. Ltd.,China
2019,10.1109/TVCG.2019.2934660,Huamin Qu,Hong Kong University of Science and Technology,China
2019,10.1109/TVCG.2019.2934661,David Gotz,"School of Information and Library Science, University of North Carolina, Chapel Hill",USA
2019,10.1109/TVCG.2019.2934661,Jonathan Zhang,"Dept. of Biostatistics, University of North Carolina, Chapel Hill",USA
2019,10.1109/TVCG.2019.2934661,Wenyuan Wang,"School of Information and Library Science, University of North Carolina, Chapel Hill",USA
2019,10.1109/TVCG.2019.2934661,Joshua Shrestha,"Dept. of Computer Science, University of North Carolina, Chapel Hill",USA
2019,10.1109/TVCG.2019.2934661,David Borland,"RENCI, University of North Carolina, Chapel Hill",USA
2019,10.1109/TVCG.2019.2934666,Doris Jung Lin Lee,"University of California, Berkeley",USA
2019,10.1109/TVCG.2019.2934666,John Lee 0005,"University of Illinois, Urbana-Champaign",USA
2019,10.1109/TVCG.2019.2934666,Tarique Siddiqui,"University of Illinois, Urbana-Champaign",USA
2019,10.1109/TVCG.2019.2934666,Jaewoo Kim,"University of Illinois, Urbana-Champaign",USA
2019,10.1109/TVCG.2019.2934666,Karrie Karahalios,"University of Illinois, Urbana-Champaign",USA
2019,10.1109/TVCG.2019.2934666,Aditya G. Parameswaran,"University of California, Berkeley",USA
2019,10.1109/TVCG.2019.2934667,Zeyu Li,College of Intelligence and ComputingTianjin University,China
2019,10.1109/TVCG.2019.2934667,Changhong Zhang,College of Intelligence and ComputingTianjin University,China
2019,10.1109/TVCG.2019.2934667,Shichao Jia,College of Intelligence and ComputingTianjin University,China
2019,10.1109/TVCG.2019.2934667,Jiawan Zhang,College of Intelligence and ComputingTianjin University,China
2019,10.1109/TVCG.2019.2934668,Bowen Yu,New York University,USA
2019,10.1109/TVCG.2019.2934668,Cláudio T. Silva,New York University,USA
2019,10.1109/TVCG.2019.2934669,Haris Mumtaz,"VISUS, University of Stuttgart, Germany",Germany
2019,10.1109/TVCG.2019.2934669,Shahid Latif,"Paluno, University of Duisburg-Essen, Germany",Germany
2019,10.1109/TVCG.2019.2934669,Fabian Beck 0001,"Paluno, University of Duisburg-Essen, Germany",Germany
2019,10.1109/TVCG.2019.2934669,Daniel Weiskopf,"VISUS, University of Stuttgart, Germany",Germany
2019,10.1109/TVCG.2019.2934670,Zikun Deng,State Key Lab of CAD & CGZhejiang University,China
2019,10.1109/TVCG.2019.2934670,Di Weng,State Key Lab of CAD & CGZhejiang University,China
2019,10.1109/TVCG.2019.2934670,Jiahui Chen,State Key Lab of CAD & CGZhejiang University,China
2019,10.1109/TVCG.2019.2934670,Ren Liu,State Key Lab of CAD & CGZhejiang University,China
2019,10.1109/TVCG.2019.2934670,Zhibin Wang,Research Center for Air Pollution and HealthZhejiang University,China
2019,10.1109/TVCG.2019.2934670,Jie Bao 0003,"JD Intelligent City Research, Beijing, China",China
2019,10.1109/TVCG.2019.2934670,Yu Zheng 0004,"JD Intelligent City Research, Beijing, China",China
2019,10.1109/TVCG.2019.2934670,Yingcai Wu,State Key Lab of CAD & CGZhejiang University,China
2019,10.1109/TVCG.2019.2934671,Zhaosong Huang,"The State Key Lab of CAD & CG, Zhejiang University, China",China
2019,10.1109/TVCG.2019.2934671,Ye Zhao,", Kent State University, Kent, OH, USA",USA
2019,10.1109/TVCG.2019.2934671,Wei Chen 0001,"The State Key Lab of CAD & CG, Zhejiang University, China",China
2019,10.1109/TVCG.2019.2934671,Shengjie Gao,"The State Key Lab of CAD & CG, Zhejiang University, China",China
2019,10.1109/TVCG.2019.2934671,Kejie Yu,"The State Key Lab of CAD & CG, Zhejiang University, China",China
2019,10.1109/TVCG.2019.2934671,Weixia Xu,"The State Key Lab of CAD & CG, Zhejiang University, China",China
2019,10.1109/TVCG.2019.2934671,MingJie Tang,"Ant Financial, USA",USA
2019,10.1109/TVCG.2019.2934671,Minfeng Zhu,"The State Key Lab of CAD & CG, Zhejiang University, China",China
2019,10.1109/TVCG.2019.2934671,Mingliang Xu,"School of Information Engineering, Zhengzhou University, Zhengzhou, China",China
2019,10.1109/TVCG.2019.2934783,Yunhai Wang,Shandong University,China
2019,10.1109/TVCG.2019.2934783,Bongshin Lee,Microsoft Research,USA
2019,10.1109/TVCG.2019.2934783,Xiaowei Chu,Shandong University,China
2019,10.1109/TVCG.2019.2934783,Kaiyi Zhang,Shandong University,China
2019,10.1109/TVCG.2019.2934783,Chen Bao,Shandong University,China
2019,10.1109/TVCG.2019.2934783,Xiaotong Li,Shandong University,China
2019,10.1109/TVCG.2019.2934783,Jian Zhang,"CNIC,CAS",China
2019,10.1109/TVCG.2019.2934783,Chi-Wing Fu,Chinese University of Hong Kong,China
2019,10.1109/TVCG.2019.2934783,Christophe Hurter,ENAC,France
2019,10.1109/TVCG.2019.2934783,Oliver Deussen,University of Konstanz,Germany
2019,10.1109/TVCG.2019.2934784,Manuela Waldner,TU Wien,Austria
2019,10.1109/TVCG.2019.2934784,Alexandra Diehl,University of Zurich,Switzerland
2019,10.1109/TVCG.2019.2934784,Denis Gracanin,Virginia Tech,USA
2019,10.1109/TVCG.2019.2934784,Rainer Splechtna,VRVis Research Center,Austria
2019,10.1109/TVCG.2019.2934784,Claudio Delrieux,Electric and Computer Eng. Dept.Universidad Nacional del SUR and CONICET,Argentina
2019,10.1109/TVCG.2019.2934784,Kresimir Matkovic,VRVis Research Center,Austria
2019,10.1109/TVCG.2019.2934785,Weiwei Cui,Microsoft Research Asia,China
2019,10.1109/TVCG.2019.2934785,Xiaoyu Zhang,"ViDi Research Group, University of California, Davis",USA
2019,10.1109/TVCG.2019.2934785,Yun Wang 0012,Microsoft Research Asia,China
2019,10.1109/TVCG.2019.2934785,He Huang,Microsoft Research Asia,China
2019,10.1109/TVCG.2019.2934785,Bei Chen,Microsoft Research Asia,China
2019,10.1109/TVCG.2019.2934785,Lei Fang,Microsoft Research Asia,China
2019,10.1109/TVCG.2019.2934785,Haidong Zhang,Microsoft Research Asia,China
2019,10.1109/TVCG.2019.2934785,Jian-Guan Lou,Microsoft Research Asia,China
2019,10.1109/TVCG.2019.2934785,Dongmei Zhang,Microsoft Research Asia,China
2019,10.1109/TVCG.2019.2934786,Nicole Jardine,"Cook County Assessor's Office, Northwestern University, Chicago",USA
2019,10.1109/TVCG.2019.2934786,Brian D. Ondov,"National Institutes of Health, Bethesda, MD, USA",USA
2019,10.1109/TVCG.2019.2934786,Niklas Elmqvist,"University of Maryland, College Park, MD, USA",USA
2019,10.1109/TVCG.2019.2934786,Steven Franconeri,"Cook County Assessor's Office, Northwestern University, Chicago",USA
2019,10.1109/TVCG.2019.2934788,Dietmar Offenhuber,Northeastern University,USA
2019,10.1109/TVCG.2019.2934790,Kyle Wm. Hall,"Temple University, Philadelphia, PA, USA",USA
2019,10.1109/TVCG.2019.2934790,Adam James Bradley,"Ontario Tech University, Oshawa, Canada",Canada
2019,10.1109/TVCG.2019.2934790,Uta Hinrichs,"University of St Andrews, Fife, United Kingdom",UK
2019,10.1109/TVCG.2019.2934790,Samuel Huron,"Télécom Paristech, Université Paris-Saclay, Paris, France",France
2019,10.1109/TVCG.2019.2934790,Jo Wood,"University of London, London, United Kingdom",UK
2019,10.1109/TVCG.2019.2934790,Christopher Collins 0001,"Ontario Tech University, Oshawa, Canada",Canada
2019,10.1109/TVCG.2019.2934790,Sheelagh Carpendale,"University of Calgary, Calgary, Canada",Canada
2019,10.1109/TVCG.2019.2934796,Yunhai Wang,Shandong University,China
2019,10.1109/TVCG.2019.2934796,Zeyu Wang 0005,Shandong University,China
2019,10.1109/TVCG.2019.2934796,Tingting Liu,Shandong University,China
2019,10.1109/TVCG.2019.2934796,Michael Correll,Tableau Research,USA
2019,10.1109/TVCG.2019.2934796,Zhanglin Cheng,"Shenzhen VisuCA Key Lab, SIAT, China",China
2019,10.1109/TVCG.2019.2934796,Oliver Deussen,"Konstanz University, Germany",Germany
2019,10.1109/TVCG.2019.2934796,Michael Sedlmair,"VISUS, University of Stuttgart, Germany",Germany
2019,10.1109/TVCG.2019.2934797,Mingming Fan 0001,University of Toronto,Canada
2019,10.1109/TVCG.2019.2934797,Ke Wu,University of Toronto,Canada
2019,10.1109/TVCG.2019.2934797,Jian Zhao,University of Waterloo,Canada
2019,10.1109/TVCG.2019.2934797,Yue Li,University of Toronto,Canada
2019,10.1109/TVCG.2019.2934797,Winter Wei,University of Toronto,Canada
2019,10.1109/TVCG.2019.2934797,Khai N. Truong,University of Toronto,Canada
2019,10.1109/TVCG.2019.2934798,Yong Wang 0021,Hong Kong University of Science and Technology (HKUST),China
2019,10.1109/TVCG.2019.2934798,Zhihua Jin,Hong Kong University of Science and Technology (HKUST),China
2019,10.1109/TVCG.2019.2934798,Qianwen Wang,Hong Kong University of Science and Technology (HKUST),China
2019,10.1109/TVCG.2019.2934798,Weiwei Cui,Microsoft Research Asia,China
2019,10.1109/TVCG.2019.2934798,Tengfei Ma,IBM T. J. Watson Research Center,USA
2019,10.1109/TVCG.2019.2934798,Huamin Qu,Hong Kong University of Science and Technology (HKUST),China
2019,10.1109/TVCG.2019.2934799,Ruizhen Hu,"Shenzhen University, Visual Computing Research Center, China",China
2019,10.1109/TVCG.2019.2934799,Tingkai Sha,"Shenzhen University, Visual Computing Research Center, China",China
2019,10.1109/TVCG.2019.2934799,Oliver van Kaick,"Carleton University, School of Computer Science, Canada",Canada
2019,10.1109/TVCG.2019.2934799,Oliver Deussen,"Konstanz University, Germany and Shenzhen VisuCA Key Lab, SIAT, China",China
2019,10.1109/TVCG.2019.2934799,Hui Huang 0004,"Shenzhen University, Visual Computing Research Center, China",China
2019,10.1109/TVCG.2019.2934800,Honghui Mei,The State Key Lab of CAD & CGZhejiang University,China
2019,10.1109/TVCG.2019.2934800,Wei Chen 0001,The State Key Lab of CAD & CGZhejiang University,China
2019,10.1109/TVCG.2019.2934800,Yating Wei,The State Key Lab of CAD & CGZhejiang University,China
2019,10.1109/TVCG.2019.2934800,Yuanzhe Hu,The State Key Lab of CAD & CGZhejiang University,China
2019,10.1109/TVCG.2019.2934800,Shuyue Zhou,School of Computer Science and EngineeringCentral South University,China
2019,10.1109/TVCG.2019.2934800,Bingru Lin,The State Key Lab of CAD & CGZhejiang University,China
2019,10.1109/TVCG.2019.2934800,Ying Zhao 0001,School of Computer Science and EngineeringCentral South University,China
2019,10.1109/TVCG.2019.2934800,Jiazhi Xia,School of Computer Science and EngineeringCentral South University,China
2019,10.1109/TVCG.2019.2934801,Christine Nothelfer,Northwestern University,USA
2019,10.1109/TVCG.2019.2934801,Steven Franconeri,Northwestern University,USA
2019,10.1109/TVCG.2019.2934802,Ashley Suh,University of South FloridaTufts University,USA
2019,10.1109/TVCG.2019.2934802,Mustafa Hajij,Ohio State University,USA
2019,10.1109/TVCG.2019.2934802,Bei Wang,University of Utah,USA
2019,10.1109/TVCG.2019.2934802,Carlos Scheidegger,University of Arizona,USA
2019,10.1109/TVCG.2019.2934802,Paul Rosen,University of South Florida,USA
2019,10.1109/TVCG.2019.2934803,Andrea Batch,"University of Maryland, College Park, MD, USA",USA
2019,10.1109/TVCG.2019.2934803,Andrew Cunningham,"University of South Australia, Adelaide, Australia",Australia
2019,10.1109/TVCG.2019.2934803,Maxime Cordeil,"Monash University, Melbourne, Australia",Australia
2019,10.1109/TVCG.2019.2934803,Niklas Elmqvist,"University of Maryland, College Park, MD, USA",USA
2019,10.1109/TVCG.2019.2934803,Tim Dwyer,"Monash University, Melbourne, Australia",Australia
2019,10.1109/TVCG.2019.2934803,Bruce H. Thomas,"University of South Australia, Adelaide, Australia",Australia
2019,10.1109/TVCG.2019.2934803,Kim Marriott,"Monash University, Melbourne, Australia",Australia
2019,10.1109/TVCG.2019.2934804,Fearn Bishop,"University of St Andrews, St Andrews, UK",UK
2019,10.1109/TVCG.2019.2934804,Johannes Zagermann,"University of Konstanz, Konstanz, Germany",Germany
2019,10.1109/TVCG.2019.2934804,Ulrike Pfeil,"University of Konstanz, Konstanz, Germany",Germany
2019,10.1109/TVCG.2019.2934804,Gemma Sanderson,"Fife Council, UK",UK
2019,10.1109/TVCG.2019.2934804,Harald Reiterer,"University of Konstanz, Konstanz, Germany",Germany
2019,10.1109/TVCG.2019.2934804,Uta Hinrichs,"University of St Andrews, St Andrews, UK",UK
2019,10.1109/TVCG.2019.2934805,Yunhai Wang,Shandong University,China
2019,10.1109/TVCG.2019.2934805,Mingliang Xue,Shandong University,China
2019,10.1109/TVCG.2019.2934805,Yanyan Wang,Shandong University,China
2019,10.1109/TVCG.2019.2934805,Xinyuan Yan,Shandong University,China
2019,10.1109/TVCG.2019.2934805,Baoquan Chen,Peking University,China
2019,10.1109/TVCG.2019.2934805,Chi-Wing Fu,Chinese University of Hong Kong,China
2019,10.1109/TVCG.2019.2934805,Christophe Hurter,"ENAC, France",France
2019,10.1109/TVCG.2019.2934806,Chen Chen,School of Computer Science and TechnologyEast China Normal University,China
2019,10.1109/TVCG.2019.2934806,Changbo Wang,School of Computer Science and TechnologyEast China Normal University,China
2019,10.1109/TVCG.2019.2934806,Xue Bai,School of Computer Science and TechnologyEast China Normal University,China
2019,10.1109/TVCG.2019.2934806,Peiying Zhang,School of Computer Science and TechnologyEast China Normal University,China
2019,10.1109/TVCG.2019.2934806,Chenhui Li,School of Computer Science and TechnologyEast China Normal University,China
2019,10.1109/TVCG.2019.2934807,Vanessa Peña Araya,Univ. Paris-SudCNRSINRIAUniversité Paris-Saclay,France
2019,10.1109/TVCG.2019.2934807,Emmanuel Pietriga,Univ. Paris-SudCNRSINRIAUniversité Paris-Saclay,France
2019,10.1109/TVCG.2019.2934807,Anastasia Bezerianos,Univ. Paris-SudCNRSINRIAUniversité Paris-Saclay,France
2019,10.1109/TVCG.2019.2934810,Zhutian Chen,Hong Kong University of Science and Technology,China
2019,10.1109/TVCG.2019.2934810,Yun Wang 0012,Microsoft Research,China
2019,10.1109/TVCG.2019.2934810,Qianwen Wang,Hong Kong University of Science and Technology,China
2019,10.1109/TVCG.2019.2934810,Yong Wang 0021,Hong Kong University of Science and Technology,China
2019,10.1109/TVCG.2019.2934810,Huamin Qu,Hong Kong University of Science and Technology,China
2019,10.1109/TVCG.2019.2934811,Min Lu,Shenzhen University,China
2019,10.1109/TVCG.2019.2934811,Shuaiqi Wang,Shenzhen University,China
2019,10.1109/TVCG.2019.2934811,Joel Lanir,University of Haifa,Israel
2019,10.1109/TVCG.2019.2934811,Noa Fish,Tel Aviv Univeristy,Israel
2019,10.1109/TVCG.2019.2934811,Yang Yue,Shenzhen University,China
2019,10.1109/TVCG.2019.2934811,Daniel Cohen-Or,Shenzhen University,China
2019,10.1109/TVCG.2019.2934811,Hui Huang 0004,Shenzhen University,China
2019,10.1109/TVCG.2019.2934812,Jochen Görtler,"University of Konstanz, Germany",Germany
2019,10.1109/TVCG.2019.2934812,Thilo Spinner,"University of Konstanz, Germany",Germany
2019,10.1109/TVCG.2019.2934812,Dirk Streeb,"University of Konstanz, Germany",Germany
2019,10.1109/TVCG.2019.2934812,Daniel Weiskopf,"University of Stuttgart, Germany",Germany
2019,10.1109/TVCG.2019.2934812,Oliver Deussen,"University of Konstanz, Germany",Germany
2019,10.1109/VAST47406.2019.8986909,Alex Bigelow,University of Utah,USA
2019,10.1109/VAST47406.2019.8986909,Carolina Nobre,University of Utah,USA
2019,10.1109/VAST47406.2019.8986909,Miriah D. Meyer,University of Utah,USA
2019,10.1109/VAST47406.2019.8986909,Alexander Lex,University of Utah,USA
2019,10.1109/VAST47406.2019.8986917,Fabian Sperrle,University of Konstanz,Germany
2019,10.1109/VAST47406.2019.8986917,Rita Sevastjanova,University of Konstanz,Germany
2019,10.1109/VAST47406.2019.8986917,Rebecca Kehlbeck,University of Konstanz,Germany
2019,10.1109/VAST47406.2019.8986917,Mennatallah El-Assady,University of Konstanz,Germany
2019,10.1109/VAST47406.2019.8986918,Melanie Tory,"Tableau Software,Palo Alto,California,USA",USA
2019,10.1109/VAST47406.2019.8986918,Vidya Setlur,"Tableau Software,Palo Alto,California,USA",USA
2019,10.1109/VAST47406.2019.8986922,Hannah Kim,Georgia Institute of Technology,USA
2019,10.1109/VAST47406.2019.8986922,Dongjin Choi,Georgia Institute of Technology,USA
2019,10.1109/VAST47406.2019.8986922,Barry L. Drake,Georgia Tech Research Institute,USA
2019,10.1109/VAST47406.2019.8986922,Alex Endert,Georgia Institute of Technology,USA
2019,10.1109/VAST47406.2019.8986922,Haesun Park,Georgia Institute of Technology,USA
2019,10.1109/VAST47406.2019.8986923,Anjul Tyagi,"Stony Brook University,",USA
2019,10.1109/VAST47406.2019.8986923,Zhen Cao,"Stony Brook University,",USA
2019,10.1109/VAST47406.2019.8986923,Tyler Estro,"Stony Brook University,",USA
2019,10.1109/VAST47406.2019.8986923,Erez Zadok,"Stony Brook University,",USA
2019,10.1109/VAST47406.2019.8986923,Klaus Mueller,"Stony Brook University,",USA
2019,10.1109/VAST47406.2019.8986934,Minjeong Shin,Australian National University,Australia
2019,10.1109/VAST47406.2019.8986934,Alexander Soen,Australian National University,Australia
2019,10.1109/VAST47406.2019.8986934,Benjamin T. Readshaw,Australian National University,Australia
2019,10.1109/VAST47406.2019.8986934,Stephen M. Blackburn,Australian National University,Australia
2019,10.1109/VAST47406.2019.8986934,Mitchell Whitelaw,Australian National University,Australia
2019,10.1109/VAST47406.2019.8986934,Lexing Xie,Australian National University,Australia
2019,10.1109/VAST47406.2019.8986940,Frederik L. Dennig,"University of Konstanz,Germany",Germany
2019,10.1109/VAST47406.2019.8986940,Tom Polk,"University of Konstanz,Germany",Germany
2019,10.1109/VAST47406.2019.8986940,Zudi Lin,"Harvard University,USA",USA
2019,10.1109/VAST47406.2019.8986940,Tobias Schreck,"Graz University of Technology,Austria",Austria
2019,10.1109/VAST47406.2019.8986940,Hanspeter Pfister,"Harvard University,USA",USA
2019,10.1109/VAST47406.2019.8986940,Michael Behrisch 0001,"Harvard University,USA",USA
2019,10.1109/VAST47406.2019.8986943,Shouxing Xiang,"School of Software, BNRist, Tsinghua University",China
2019,10.1109/VAST47406.2019.8986943,Xi Ye,"School of Software, BNRist, Tsinghua University",China
2019,10.1109/VAST47406.2019.8986943,Jiazhi Xia,"School of Computer Science and Engineering, Central South University",China
2019,10.1109/VAST47406.2019.8986943,Jing Wu,"School of Computer Science and Informatics, Cardiff University",UK
2019,10.1109/VAST47406.2019.8986943,Yang Chen,"School of Software, BNRist, Tsinghua University",China
2019,10.1109/VAST47406.2019.8986943,Shixia Liu,"School of Software, BNRist, Tsinghua University",China
2019,10.1109/VAST47406.2019.8986948,Ángel Alexander Cabrera,Georgia Institute of Technology,USA
2019,10.1109/VAST47406.2019.8986948,Will Epperson,Georgia Institute of Technology,USA
2019,10.1109/VAST47406.2019.8986948,Fred Hohman,Georgia Institute of Technology,USA
2019,10.1109/VAST47406.2019.8986948,Minsuk Kahng,Georgia Institute of Technology,USA
2019,10.1109/VAST47406.2019.8986948,Jamie Morgenstern,Georgia Institute of Technology,USA
2019,10.1109/VAST47406.2019.8986948,Duen Horng Chau,Georgia Institute of Technology,USA
2018,10.1109/VAST.2018.8802383,Huan He,"Key Laboratory of Intelligent Networks and Network Security, Ministry of Education, Xi’an Jiaotong University",China
2018,10.1109/VAST.2018.8802383,Qinghua Zheng,"Key Laboratory of Intelligent Networks and Network Security, Ministry of Education, Xi’an Jiaotong University",China
2018,10.1109/VAST.2018.8802383,Bo Dong,"School of Continuing Education, Xi’an Jiaotong University",China
2018,10.1109/VAST.2018.8802415,Po-Ming Law,Georgia Institute of Technology,USA
2018,10.1109/VAST.2018.8802415,Yanhong Wu,Visa Research,USA
2018,10.1109/VAST.2018.8802415,Rahul C. Basole,Georgia Institute of Technology,USA
2018,10.1109/VAST.2018.8802424,John E. Wenskovitch,Virginia Tech Computer Science,USA
2018,10.1109/VAST.2018.8802424,Lauren Bradel,Department of Defense,USA
2018,10.1109/VAST.2018.8802424,Michelle Dowling,Virginia Tech Computer Science,USA
2018,10.1109/VAST.2018.8802424,Leanna House,Virginia Tech Statistics,USA
2018,10.1109/VAST.2018.8802424,Chris North,Virginia Tech Computer Science,USA
2018,10.1109/VAST.2018.8802449,Marlen Promann,Purdue University,USA
2018,10.1109/VAST.2018.8802449,Sabine Brunswicker,Purdue University,USA
2018,10.1109/VAST.2018.8802454,Quan Li," and Engineering, The Hong Kong University of Science and Technology, Hong Kong",China
2018,10.1109/VAST.2018.8802454,Kristanto Sean Njotoprawiro," and Engineering, The Hong Kong University of Science and Technology, Hong Kong",China
2018,10.1109/VAST.2018.8802454,Hammad Haleem," and Engineering, The Hong Kong University of Science and Technology, Hong Kong",China
2018,10.1109/VAST.2018.8802454,Qiaoan Chen,"WeChat, Tencent Technology (Shenzhen) Co., Ltd., Shenzhen, China",China
2018,10.1109/VAST.2018.8802454,Chris Yi,"WeChat, Tencent Technology (Shenzhen) Co., Ltd., Shenzhen, China",China
2018,10.1109/VAST.2018.8802454,Xiaojuan Ma," and Engineering, The Hong Kong University of Science and Technology, Hong Kong",China
2018,10.1109/VAST.2018.8802486,Michael Blumenschein,"University of Konstanz, Germany",Germany
2018,10.1109/VAST.2018.8802486,Michael Behrisch 0001,"Harvard University, USA",USA
2018,10.1109/VAST.2018.8802486,Stefanie Schmid,"University of Konstanz, Germany",Germany
2018,10.1109/VAST.2018.8802486,Simon Butscher,"University of Konstanz, Germany",Germany
2018,10.1109/VAST.2018.8802486,Deborah Wahl,"University of Konstanz, Germany",Germany
2018,10.1109/VAST.2018.8802486,Karoline Villinger,"University of Konstanz, Germany",Germany
2018,10.1109/VAST.2018.8802486,Britta Renner,"University of Konstanz, Germany",Germany
2018,10.1109/VAST.2018.8802486,Harald Reiterer,"University of Konstanz, Germany",Germany
2018,10.1109/VAST.2018.8802486,Daniel A. Keim,"University of Konstanz, Germany",Germany
2018,10.1109/VAST.2018.8802509,Mengchen Liu,"School of Software, Tsinghua University",China
2018,10.1109/VAST.2018.8802509,Shixia Liu,"School of Software, Tsinghua University",China
2018,10.1109/VAST.2018.8802509,Hang Su,"Dept.of Comp.Sci.Tech., Tsinghua University",China
2018,10.1109/VAST.2018.8802509,Kelei Cao,"School of Software, Tsinghua University",China
2018,10.1109/VAST.2018.8802509,Jun Zhu 0001,"Dept.of Comp.Sci.Tech., Tsinghua University",China
